#,اسم المنشأة الرسمي,الاسم التجاري للمتجر,النشاط التجاري,صاحبة المنشأة / المفوضة,رقم الهوية الوطنية,رقم الجوال,البريد الإلكتروني,السجل التجاري (CR),الرقم الضريبي (VAT),وثيقة العمل الحر,المدينة والعنوان,رابط المتجر الأساسي,الدومينات الإضافية,مصرف الراجحي (حساب / آيبان),البنك الأهلي SNB (حساب / آيبان),بوابة Telr (Store ID),بوابة Payzaty (Account),بوابة N-Genius (Outlet),بوابة Paytabs (Profile ID)
1,مؤسسة آلاء علي الشريف التجارية,متجر آلاء ستايل (Alaa Style),تجارة التجزئة في الملابس الجاهزة، الأحذية، الحقائب، والإكسسوارات الفاخرة,آلاء علي الشريف,[        ],+966500000000,support@alaastyle.protosoft.cloud,7055007301,-,-,مكة المكرمة - المملكة العربية السعودية - مكة المكرمة,https://alaastyle.protosoft.cloud,https://alaastyle.shopforgego.com,حساب: [      ] | آيبان: SA[                 ],حساب: [      ] | آيبان: SA[                 ],جاهز للتفعيل [ ],Acc: Live Production,جاهز للتفعيل [ ],جاهز للتفعيل [ ]
2,مؤسسة مريم عبدالله الناشري التجارية,متجر الناشري للأزياء,تجارة التجزئة في الملابس الجاهزة، الفساتين، والعبايات النسائية,مريم عبدالله الناشري,[        ],-,support@alnashri.protosoft.cloud,-,-,-,جدة - المملكة العربية السعودية - جدة,https://alnashri.protosoft.cloud,-,حساب: [      ] | آيبان: SA[                 ],حساب: [      ] | آيبان: SA[                 ],جاهز للتفعيل [ ],جاهز للتفعيل [ ],جاهز للتفعيل [ ],جاهز للتفعيل [ ]
3,مؤسسة التراس الخيالي التجارية,متجر التراس الخيالي,تجارة الأحذية، الحقائب، والمصنوعات الجلدية والإكسسوارات,-,[        ],-,info@altrasshop.shopforgego.com,-,-,-,الرياض - المملكة العربية السعودية - الرياض,https://altrasshop.shopforgego.com,https://altrasshop.protosoft.cloud,حساب: [      ] | آيبان: SA[                 ],حساب: [      ] | آيبان: SA[                 ],جاهز للتفعيل [ ],جاهز للتفعيل [ ],جاهز للتفعيل [ ],جاهز للتفعيل [ ]
4,مؤسسة أنفال الوسام التجارية,متجر أنفال الوسام,تجارة التجزئة في الأزياء النسائية، فساتين السهرة، والمناسبات,أنفال الوسام,[        ],-,info@anfal.alwisam.shopforgego.com,-,-,-,جدة - المملكة العربية السعودية - جدة,https://anfal.alwisam.shopforgego.com,https://anfal.alwisam.protosoft.cloud,حساب: [      ] | آيبان: SA[                 ],حساب: [      ] | آيبان: SA[                 ],جاهز للتفعيل [ ],جاهز للتفعيل [ ],جاهز للتفعيل [ ],جاهز للتفعيل [ ]
5,مؤسسة عبير رده الصاملي الشريف,متجر بوت بوتيك (Boot Boutique),تجارة التجزئة في الأحذية النسائية، الجزم، والبوتات الفاخرة,عبير رده الصاملي الشريف,[        ],-,support@abeer.protosoft.cloud,-,-,-,مكة المكرمة - المملكة العربية السعودية - مكة المكرمة,https://abeer.protosoft.cloud,-,حساب: [      ] | آيبان: SA[                 ],حساب: [      ] | آيبان: SA[                 ],جاهز للتفعيل [ ],جاهز للتفعيل [ ],جاهز للتفعيل [ ],جاهز للتفعيل [ ]
6,مؤسسة جمانة بهاء الدين التجارية,متجر جمانة (Jumanah),تجارة التجزئة في العبايات النسائية، الجلابيات، والأزياء المحتشمة,جمانة بهاء الدين,[        ],-,support@jumanah.shopforgego.com,-,-,-,المدينة المنورة - المملكة العربية السعودية - المدينة المنورة,https://jumanah.shopforgego.com,https://jumanah.protosoft.cloud,حساب: [      ] | آيبان: SA[                 ],حساب: [      ] | آيبان: SA[                 ],جاهز للتفعيل [ ],جاهز للتفعيل [ ],جاهز للتفعيل [ ],جاهز للتفعيل [ ]
7,مؤسسة منار سعد الغامدي التجارية,متجر منار سعد الغامدي,تجارة التجزئة في الملابس الجاهزة، حقائب اليد النسائية، والإكسسوارات,منار سعد الغامدي,[        ],-,support@manarsaad.shopforgego.com,7054990010,-,-,جدة - المملكة العربية السعودية - جدة,https://manarsaad.shopforgego.com,https://manarsaad.protosoft.cloud,حساب: [      ] | آيبان: SA[                 ],حساب: [      ] | آيبان: SA[                 ],جاهز للتفعيل [ ],جاهز للتفعيل [ ],جاهز للتفعيل [ ],جاهز للتفعيل [ ]
8,مؤسسة نورة جمعان الزهراني التجارية,متجر نورة الزهراني,تجارة التجزئة في الحقائب، الأحذية النسائية، والمصنوعات الجلدية,نورة جمعان الزهراني,[        ],-,support@norah.shopforgego.com,-,-,-,الرياض - المملكة العربية السعودية - الرياض,https://norah.shopforgego.com,https://norah.protosoft.cloud,حساب: [      ] | آيبان: SA[                 ],حساب: [      ] | آيبان: SA[                 ],جاهز للتفعيل [ ],جاهز للتفعيل [ ],جاهز للتفعيل [ ],جاهز للتفعيل [ ]
9,مؤسسة أميمة أحمد المولد التجارية,بوتيك أميمة فاشن,تجارة التجزئة في الأزياء النسائية، الملابس الجاهزة، وفساتين السهرة,أميمة أحمد المولد,[        ],-,support@almuwallad.protosoft.cloud,-,-,-,مكة المكرمة - المملكة العربية السعودية - مكة المكرمة,https://almuwallad.protosoft.cloud,-,حساب: [      ] | آيبان: SA[                 ],حساب: [      ] | آيبان: SA[                 ],ID: 35593,جاهز للتفعيل [ ],جاهز للتفعيل [ ],جاهز للتفعيل [ ]
10,مؤسسة أميمة أحمد المولد التجارية,متجر أميمة أونلاين,تجارة التجزئة في الملابس الجاهزة، الإكسسوارات، والفساتين,أميمة أحمد المولد,[        ],-,support@omaymah.protosoft.cloud,-,-,-,مكة المكرمة - المملكة العربية السعودية - مكة المكرمة,https://omaymah.protosoft.cloud,-,حساب: [      ] | آيبان: SA[                 ],حساب: [      ] | آيبان: SA[                 ],جاهز للتفعيل [ ],جاهز للتفعيل [ ],جاهز للتفعيل [ ],جاهز للتفعيل [ ]
11,مؤسسة أرجوان أحمد الشريف التجارية,أرجوان الشريف للحقائب (Orjuwan Bags),تجارة التجزئة في الحقائب، المحافظ، والإكسسوارات الجلدية,أرجوان أحمد الشريف,[        ],-,support@arjwan.bags.protosoft.cloud,-,-,-,مكة المكرمة - المملكة العربية السعودية - مكة المكرمة,https://arjwan.bags.protosoft.cloud,-,حساب: [      ] | آيبان: SA[                 ],حساب: [      ] | آيبان: SA[                 ],جاهز للتفعيل [ ],جاهز للتفعيل [ ],جاهز للتفعيل [ ],جاهز للتفعيل [ ]
12,مؤسسة أميمة أحمد المولد التجارية,أميمة فاشن (Omaymah Fashion),تجارة التجزئة في الأزياء النسائية والملابس الجاهزة,أميمة أحمد المولد,[        ],-,support@omaymah.fashion.protosoft.cloud,-,-,-,مكة المكرمة - المملكة العربية السعودية - مكة المكرمة,https://omaymah.fashion.protosoft.cloud,-,حساب: [      ] | آيبان: SA[                 ],حساب: [      ] | آيبان: SA[                 ],جاهز للتفعيل [ ],جاهز للتفعيل [ ],جاهز للتفعيل [ ],جاهز للتفعيل [ ]
13,مؤسسة أرجوان أحمد الشريف التجارية,أرجوان الشريف للأحذية (Orjuwan Shoes),تجارة التجزئة في الأحذية والصنادل والمصنوعات الجلدية,أرجوان أحمد الشريف,[        ],-,support@store.protosoft.cloud,-,-,-,مكة المكرمة - المملكة العربية السعودية - مكة المكرمة,https://store.protosoft.cloud,-,حساب: [      ] | آيبان: SA[                 ],حساب: [      ] | آيبان: SA[                 ],جاهز للتفعيل [ ],جاهز للتفعيل [ ],جاهز للتفعيل [ ],جاهز للتفعيل [ ]
14,مؤسسة مريم عبدالله الناشري التجارية,متجر مريم ستور,تجارة التجزئة في الملابس الجاهزة والفساتين,مريم عبدالله الناشري,[        ],-,info@maryamstore.shopforgego.com,-,-,-,جدة - المملكة العربية السعودية - جدة,https://maryamstore.shopforgego.com,-,حساب: [      ] | آيبان: SA[                 ],حساب: [      ] | آيبان: SA[                 ],جاهز للتفعيل [ ],جاهز للتفعيل [ ],جاهز للتفعيل [ ],جاهز للتفعيل [ ]
15,مؤسسة سارة خالد الشنبري التجارية,متجر سارة الشنبري للأزياء,تجارة التجزئة في الملابس الجاهزة، العبايات، والأزياء النسائية,سارة خالد الشنبري,[        ],-,support@orjuwanalshar.store.protosoft.cloud,-,-,-,مكة المكرمة - المملكة العربية السعودية - مكة المكرمة,https://orjuwanalshar.store.protosoft.cloud,-,حساب: [      ] | آيبان: SA[                 ],حساب: [      ] | آيبان: SA[                 ],جاهز للتفعيل [ ],جاهز للتفعيل [ ],جاهز للتفعيل [ ],جاهز للتفعيل [ ]
16,مؤسسة عبير رده الصاملي الشريف,ذا هاندباج هافن (The Handbag Haven),تجارة التجزئة في حقائب اليد النسائية، المحافظ، والإكسسوارات,عبير رده الصاملي الشريف,[        ],-,support@alsamli.protosoft.cloud,-,-,-,مكة المكرمة - المملكة العربية السعودية - مكة المكرمة,https://alsamli.protosoft.cloud,-,حساب: [      ] | آيبان: SA[                 ],حساب: [      ] | آيبان: SA[                 ],جاهز للتفعيل [ ],جاهز للتفعيل [ ],جاهز للتفعيل [ ],جاهز للتفعيل [ ]
17,مؤسسة عزوف خالد القرشي التجارية,متجر مؤسسة عزوف (Ozoof),تجارة التجزئة في الأحذية، الحقائب، والمصنوعات الجلدية,عزوف خالد القرشي,[        ],-,support@alqurashi.protosoft.cloud,-,-,-,مكة المكرمة - المملكة العربية السعودية - مكة المكرمة,https://alqurashi.protosoft.cloud,-,حساب: [      ] | آيبان: SA[                 ],حساب: [      ] | آيبان: SA[                 ],جاهز للتفعيل [ ],جاهز للتفعيل [ ],جاهز للتفعيل [ ],جاهز للتفعيل [ ]
18,مؤسسة النمنم لقطع غيار وزينة السيارات,متجر النمنم (Alnamnam),تجارة التجزئة في قطع غيار السيارات، الإكسسوارات، وزينة المركبات,-,[        ],-,support@alnamnam.shopforgego.com,-,-,-,جدة - المملكة العربية السعودية - جدة,https://alnamnam.shopforgego.com,https://alnamnam.protosoft.cloud,حساب: [      ] | آيبان: SA[                 ],حساب: [      ] | آيبان: SA[                 ],جاهز للتفعيل [ ],جاهز للتفعيل [ ],جاهز للتفعيل [ ],جاهز للتفعيل [ ]
19,مؤسسة أوصال التنافس التجارية,متجر أوصال التنافس,تجارة قطع غيار السيارات، الزيوت، الفلاتر، والإكسسوارات,-,[        ],-,support@awsal.altanafus.protosoft.cloud,-,-,-,الرياض - المملكة العربية السعودية - الرياض,https://awsal.altanafus.protosoft.cloud,https://awsal.altanafus.shopforgego.com,حساب: [      ] | آيبان: SA[                 ],حساب: [      ] | آيبان: SA[                 ],جاهز للتفعيل [ ],جاهز للتفعيل [ ],جاهز للتفعيل [ ],جاهز للتفعيل [ ]
20,مؤسسة منار سعد الغامدي التجارية,متجر منار لإضاءة السيارات,تجارة إضاءات السيارات، الأجهزة الإلكترونية، والكماليات,منار سعد الغامدي,[        ],-,support@manaral.protosoft.cloud,-,-,-,جدة - المملكة العربية السعودية - جدة,https://manaral.protosoft.cloud,https://manar.shopforgego.com,حساب: [      ] | آيبان: SA[                 ],حساب: [      ] | آيبان: SA[                 ],جاهز للتفعيل [ ],جاهز للتفعيل [ ],جاهز للتفعيل [ ],جاهز للتفعيل [ ]
21,مؤسسة نادر الأفق التجارية,متجر نادر الأفق,تجارة زينة السيارات، الإكسسوارات، والكماليات,-,[        ],-,info@naderalufuq.shopforgego.com,-,-,-,الدمام - المملكة العربية السعودية - الدمام,https://naderalufuq.shopforgego.com,https://naderalufuq.protosoft.cloud ; https://naderalufuq.com,حساب: [      ] | آيبان: SA[                 ],حساب: [      ] | آيبان: SA[                 ],جاهز للتفعيل [ ],جاهز للتفعيل [ ],جاهز للتفعيل [ ],جاهز للتفعيل [ ]
22,مؤسسة ورود الهمة التجارية,متجر ورود الهمة لقطع السيارات,تجارة قطع غيار السيارات، الزيوت والمعدات الميكانيكية,-,[        ],-,support@worood.shopforgego.com,-,-,-,الرياض - المملكة العربية السعودية - الرياض,https://worood.shopforgego.com,https://worood.protosoft.cloud,حساب: [      ] | آيبان: SA[                 ],حساب: [      ] | آيبان: SA[                 ],جاهز للتفعيل [ ],جاهز للتفعيل [ ],جاهز للتفعيل [ ],جاهز للتفعيل [ ]
23,مؤسسة ولاء علي الشريف للمستلزمات الرياضية,متجر ولاء سبورت (Walaa Sport),تجارة التجزئة في الملابس الرياضية، الأحذية، ومعدات اللياقة,ولاء علي الشريف,[        ],-,support@walaasport.protosoft.cloud,-,-,-,مكة المكرمة - المملكة العربية السعودية - مكة المكرمة,https://walaasport.protosoft.cloud,https://walaasport.shopforgego.com,حساب: [      ] | آيبان: SA[                 ],حساب: [      ] | آيبان: SA[                 ],جاهز للتفعيل [ ],جاهز للتفعيل [ ],جاهز للتفعيل [ ],جاهز للتفعيل [ ]
24,مؤسسة ورود الهمة التجارية,متجر ورود الهمة الرياضي,تجارة الملابس الرياضية، الأحذية، ومستلزمات النوادي,-,[        ],-,support@wurudalhimah.shopforgego.com,-,-,-,الرياض - المملكة العربية السعودية - الرياض,https://wurudalhimah.shopforgego.com,https://wurud.protosoft.cloud,حساب: [      ] | آيبان: SA[                 ],حساب: [      ] | آيبان: SA[                 ],جاهز للتفعيل [ ],جاهز للتفعيل [ ],جاهز للتفعيل [ ],جاهز للتفعيل [ ]
25,مؤسسة مسار النمو الراقي للحلول البرمجية والتقنية,متجر مسار النمو الراقي,حلول برمجية، تراخيص رقمية، كريدتات تفعيل، وخدمات تقنية,مسار النمو الراقي,[        ],-,support@masarnumu.shopforgego.com,7054962043,-,-,مكة المكرمة - المملكة العربية السعودية - مكة المكرمة,https://masarnumu.shopforgego.com,-,حساب: [      ] | آيبان: SA[                 ],حساب: [      ] | آيبان: SA[                 ],ID: 35755,Acc: 756648,جاهز للتفعيل [ ],جاهز للتفعيل [ ]
26,مؤسسة أرجوان أحمد الشريف لتقنية المعلومات,أرجوان ديجيتال (Orjuwan Digital),تجارة المنتجات الرقمية، البطاقات الإلكترونية، والاشتراكات البرمجية,أرجوان أحمد الشريف,[        ],-,support@alshareef.protosoft.cloud,-,-,-,مكة المكرمة - المملكة العربية السعودية - مكة المكرمة,https://alshareef.protosoft.cloud,-,حساب: [      ] | آيبان: SA[                 ],حساب: [      ] | آيبان: SA[                 ],جاهز للتفعيل [ ],جاهز للتفعيل [ ],جاهز للتفعيل [ ],جاهز للتفعيل [ ]
27,مؤسسة قافلة الرموز للاتصالات وتقنية المعلومات,قافلة الرموز (Qafilat Al-Rumuz),تجارة بطاقات الاتصالات، البرمجيات، والمنتجات الرقمية,-,[        ],-,support@alrumuz.shopforgego.com,7054132274,-,-,الرياض - المملكة العربية السعودية - الرياض,https://alrumuz.shopforgego.com,-,حساب: [      ] | آيبان: SA[                 ],حساب: [      ] | آيبان: SA[                 ],جاهز للتفعيل [ ],جاهز للتفعيل [ ],جاهز للتفعيل [ ],جاهز للتفعيل [ ]
28,مؤسسة مسار النمو الراقي للحلول البرمجية والتقنية,مسار النمو للبرمجيات,حلول برمجية، سيرفرات، وتراخيص رقمية معتمدة,مسار النمو الراقي,[        ],-,support@masar.shopforgego.com,7054962043,-,-,مكة المكرمة - المملكة العربية السعودية - مكة المكرمة,https://masar.shopforgego.com,-,حساب: [      ] | آيبان: SA[                 ],حساب: [      ] | آيبان: SA[                 ],جاهز للتفعيل [ ],جاهز للتفعيل [ ],جاهز للتفعيل [ ],جاهز للتفعيل [ ]
29,مؤسسة زكية ناصر الشريف التجارية,متجر زكية الرقمي (Zakiah Store),تجارة التجزئة في الملابس الجاهزة، المنتجات الرقمية والخدمات التقنية,زكية ناصر الشريف,[        ],-,info@zakiah.tech,7055008101,-,-,مكة المكرمة - المملكة العربية السعودية - مكة المكرمة,https://zakiahdigital.protosoft.cloud,https://zakiah.tech ; https://www.zakiah.tech ; https://zakiahdigital.shopforgego.com,حساب: [      ] | آيبان: SA[                 ],حساب: [      ] | آيبان: SA[                 ],جاهز للتفعيل [ ],جاهز للتفعيل [ ],جاهز للتفعيل [ ],جاهز للتفعيل [ ]
30,مؤسسة غرور غازي الحتيرشي التجارية,متجر غرور ستور (Ghurur Store),تجارة التجزئة في الأجهزة الإلكترونية، الهواتف الذكية، ملحقاتها والشواحن,غرور غازي الحتيرشي,[        ],-,support@ghururstore.protosoft.cloud,-,-,-,مكة المكرمة - المملكة العربية السعودية - مكة المكرمة,https://ghururstore.protosoft.cloud,https://payksa.ghururstore.protosoft.cloud ; https://ghururstore.shopforgego.com,حساب: [      ] | آيبان: SA[                 ],حساب: [      ] | آيبان: SA[                 ],ID: 35724,Acc: 119189,جاهز للتفعيل [ ],جاهز للتفعيل [ ]
31,مؤسسة أرجوان أحمد الشريف التجارية,متجر نون مارت (Noon Mart),تجارة الهواتف الذكية، ملحقات الجوالات، والأجهزة الإلكترونية,أرجوان أحمد الشريف,[        ],-,support@orjuwanalshar.protosoft.cloud,-,-,-,مكة المكرمة - المملكة العربية السعودية - مكة المكرمة,https://orjuwanalshar.protosoft.cloud,-,حساب: [      ] | آيبان: SA[                 ],حساب: [      ] | آيبان: SA[                 ],جاهز للتفعيل [ ],جاهز للتفعيل [ ],جاهز للتفعيل [ ],جاهز للتفعيل [ ]
32,مؤسسة رمث التقنية للتجارة,متجر رمث التقني (Ramath Tech),تجارة الأجهزة الإلكترونية الذكية، ملحقات الحاسب والجوال,-,[        ],-,support@ramath.shopforgego.com,-,-,-,الرياض - المملكة العربية السعودية - الرياض,https://ramath.shopforgego.com,https://ramath.protosoft.cloud,حساب: [      ] | آيبان: SA[                 ],حساب: [      ] | آيبان: SA[                 ],جاهز للتفعيل [ ],جاهز للتفعيل [ ],جاهز للتفعيل [ ],جاهز للتفعيل [ ]
33,مؤسسة الرمز الذهبي الراقي التجارية,متجر الرمز الذهبي,تجارة التجزئة في الساعات، المجوهرات، والإكسسوارات الثمينة,-,[        ],-,support@alramz.shopforgego.com,-,-,-,جدة - المملكة العربية السعودية - جدة,https://alramz.shopforgego.com,https://alramz.protosoft.cloud,حساب: [      ] | آيبان: SA[                 ],حساب: [      ] | آيبان: SA[                 ],جاهز للتفعيل [ ],جاهز للتفعيل [ ],جاهز للتفعيل [ ],جاهز للتفعيل [ ]
34,مؤسسة شذى زيني التجارية,متجر شذى للعطور (Shatha Perfumes),تجارة التجزئة في العطور، مستحضرات التجميل، ومنتجات العناية الشخصية,شذى زيني,[        ],-,support@shatha.shopforgego.com,-,-,-,مكة المكرمة - المملكة العربية السعودية - مكة المكرمة,https://shatha.shopforgego.com,https://shatha.protosoft.cloud,حساب: [      ] | آيبان: SA[                 ],حساب: [      ] | آيبان: SA[                 ],جاهز للتفعيل [ ],جاهز للتفعيل [ ],جاهز للتفعيل [ ],جاهز للتفعيل [ ]
35,مؤسسة أعماق السكون للتجارة,متجر أعماق السكون (Aamaq Al-Sukun),تجارة التجزئة في البن المختص، أدوات القهوة، ومستلزمات الضيافة والمنزل,-,[        ],-,support@aamaq.shopforgego.com,-,-,-,الرياض - المملكة العربية السعودية - الرياض,https://aamaq.shopforgego.com,https://aamaqalsukun.protosoft.cloud,حساب: [      ] | آيبان: SA[                 ],حساب: [      ] | آيبان: SA[                 ],جاهز للتفعيل [ ],جاهز للتفعيل [ ],جاهز للتفعيل [ ],جاهز للتفعيل [ ]
36,شركة شمس الود المشرق التجارية,شمس الود المشرق للدعاية والإعلان,الدعاية والإعلان، اللوحات الخارجية، الحروف المجسمة، وتجهيز المعارض,-,[        ],-,support@shamsalwad.shopforgego.com,-,-,-,الرياض - المملكة العربية السعودية - الرياض,https://shamsalwad.shopforgego.com,-,حساب: [      ] | آيبان: SA[                 ],حساب: [      ] | آيبان: SA[                 ],ID: 35726,جاهز للتفعيل [ ],جاهز للتفعيل [ ],جاهز للتفعيل [ ]
